company,company_type,subscribed_after_free_trial,day0,day1,day2,day3,day4,day5,day6,total_time_used
346782,uk_limited_company,false,1,0,1,0,1,0,0,3
346783,uk_limited_company,false,0,0,0,0,0,0,0,0
346784,uk_limited_company,true,1,0,0,1,4,1,0,7
346785,uk_limited_company,false,0,0,0,0,0,0,0,0
346786,uk_limited_company,false,0,0,0,0,0,0,0,0
346787,uk_limited_company,false,0,0,0,0,1,0,0,1
346788,uk_limited_company,false,0,0,0,0,0,0,0,0
346789,uk_limited_company,false,0,0,0,0,0,0,0,0
346790,uk_limited_company,false,0,0,0,0,0,0,0,0
346791,uk_limited_company,false,0,0,0,0,1,1,0,2
346792,uk_limited_company,true,2,1,2,1,0,1,0,7
346793,uk_limited_company,false,0,0,0,0,0,0,0,0
346794,uk_limited_company,false,0,0,0,0,0,1,0,1
346795,uk_limited_company,false,0,0,0,0,0,0,2,2
346796,uk_limited_company,true,1,1,3,3,2,0,1,11
346797,uk_limited_company,false,1,0,0,0,1,0,0,2
346798,uk_limited_company,false,0,0,1,0,0,0,0,1
346799,uk_limited_company,false,0,2,0,0,0,0,0,2
346800,uk_limited_company,false,0,0,0,0,0,1,0,1
346801,uk_limited_company,false,0,1,0,0,0,0,0,1
346802,uk_limited_company,false,1,0,0,0,0,0,1,2
346803,uk_limited_company,true,0,1,1,4,0,0,0,6
346804,uk_limited_company,false,0,0,0,0,0,0,0,0
346805,uk_limited_company,true,1,0,0,2,0,1,1,5
346806,uk_limited_company,false,0,0,0,0,0,0,1,1
346807,uk_limited_company,false,0,0,1,0,1,0,0,2
346808,uk_limited_company,false,1,0,1,0,2,0,0,4
346809,uk_limited_company,false,0,0,0,0,0,0,0,0
346810,uk_limited_company,false,0,0,0,0,0,0,1,1
346811,uk_limited_company,false,0,0,0,0,0,0,0,0
346812,uk_limited_company,false,0,0,2,0,0,0,0,2
346813,uk_limited_company,false,0,0,0,0,0,0,0,0
346814,uk_limited_company,false,0,0,0,1,0,0,0,1
346815,uk_limited_company,false,0,0,1,0,0,0,0,1
346816,uk_limited_company,true,0,3,3,1,0,2,0,9
346817,uk_limited_company,true,0,0,1,1,0,2,0,4
346818,uk_limited_company,false,1,1,0,0,0,0,0,2
346819,uk_limited_company,true,0,3,2,1,4,1,0,11
346820,uk_limited_company,false,1,1,0,0,0,0,0,2
346821,uk_limited_company,false,0,1,3,0,0,0,0,4
346822,uk_limited_company,false,0,1,0,1,1,0,0,3
346823,uk_limited_company,false,0,0,0,1,0,0,0,1
346824,uk_limited_company,false,1,0,0,0,0,0,0,1
346825,uk_limited_company,false,0,0,0,0,0,0,1,1
346826,uk_limited_company,false,0,0,1,0,1,0,0,2
346827,uk_limited_company,true,2,2,0,1,1,2,3,11
346828,uk_limited_company,false,0,0,0,0,1,1,0,2
346829,uk_limited_company,false,0,0,0,0,1,0,0,1
346830,uk_limited_company,false,0,0,1,0,1,0,0,2
346831,uk_limited_company,false,0,0,0,0,0,0,0,0
346832,uk_limited_company,false,0,1,0,1,0,0,0,2
346833,uk_limited_company,false,0,0,0,0,0,0,1,1
346834,uk_limited_company,true,0,2,0,3,2,4,1,12
346835,uk_limited_company,false,0,0,0,0,0,1,0,1
346836,uk_limited_company,false,2,0,0,0,0,0,0,2
346837,uk_limited_company,false,1,0,0,2,0,0,0,3
346838,uk_limited_company,false,0,0,0,0,0,0,0,0
346839,uk_limited_company,false,0,0,1,0,0,0,0,1
346840,uk_limited_company,false,0,0,0,0,1,0,0,1
346841,uk_limited_company,false,1,0,0,0,0,0,0,1
346842,uk_limited_company,false,0,0,0,0,1,0,0,1
346843,uk_limited_company,false,1,0,0,1,1,0,0,3
346844,uk_limited_company,false,0,0,0,0,1,0,0,1
346845,uk_limited_company,false,0,1,0,0,0,0,2,3
346846,uk_limited_company,false,0,0,0,0,0,0,0,0
346847,uk_limited_company,true,2,3,1,1,1,2,0,10
346848,uk_limited_company,true,0,0,1,1,1,1,3,7
346849,uk_limited_company,false,0,0,0,0,0,0,2,2
346850,uk_limited_company,false,0,0,1,1,0,0,0,2
346851,uk_limited_company,false,0,0,1,0,0,0,0,1
346852,uk_limited_company,false,1,1,1,0,0,0,0,3
346853,uk_limited_company,false,1,0,0,0,0,0,0,1
346854,uk_limited_company,true,1,0,1,2,2,1,1,8
346855,uk_limited_company,false,1,0,0,0,0,1,0,2
346856,uk_limited_company,false,0,0,0,0,0,1,0,1
346857,uk_limited_company,true,1,3,0,1,3,4,0,12
346858,uk_limited_company,true,2,1,2,2,4,1,1,13
346859,uk_limited_company,true,0,0,2,0,2,1,2,7
346860,uk_limited_company,false,0,1,0,0,0,0,0,1
346861,uk_limited_company,true,1,0,1,2,1,1,0,6
346862,uk_limited_company,false,0,1,0,0,1,0,0,2
346863,uk_limited_company,false,0,0,1,0,0,0,0,1
346864,uk_limited_company,false,0,2,0,0,0,0,0,2
346865,uk_limited_company,false,1,0,0,1,0,0,0,2
346866,uk_limited_company,false,0,0,0,1,0,0,1,2
346867,uk_limited_company,true,1,2,0,1,1,5,2,12
346868,uk_limited_company,false,0,0,0,0,0,0,0,0
346869,uk_limited_company,false,0,0,0,0,0,0,0,0
346870,uk_limited_company,true,0,1,2,1,0,1,2,7
346871,uk_limited_company,false,1,0,0,0,0,0,0,1
346872,uk_limited_company,false,0,0,0,0,0,0,0,0
346873,uk_limited_company,false,0,1,1,0,0,0,0,2
346874,uk_limited_company,false,0,0,0,0,0,1,0,1
346875,uk_limited_company,false,0,0,0,0,0,0,0,0
346876,uk_limited_company,false,1,0,0,0,1,0,1,3
346877,uk_limited_company,true,0,1,1,0,0,1,1,4
346878,uk_limited_company,false,0,0,0,0,1,0,0,1
346879,uk_limited_company,false,0,0,1,0,0,0,0,1
346880,uk_limited_company,false,0,1,0,0,0,0,0,1
346881,uk_limited_company,true,2,1,3,0,1,2,1,10
346882,uk_limited_company,false,0,0,1,1,0,1,0,3
346883,uk_limited_company,false,0,0,0,0,0,0,0,0
346884,uk_limited_company,false,0,0,0,0,0,0,2,2
346885,uk_limited_company,true,1,1,2,0,0,3,2,9
346886,uk_limited_company,false,1,0,0,0,0,0,0,1
346887,uk_limited_company,false,0,0,0,0,0,1,0,1
346888,uk_limited_company,false,1,0,0,1,0,0,0,2
346889,uk_limited_company,false,0,0,0,0,0,0,0,0
346890,uk_limited_company,true,2,0,0,1,2,1,1,7
346891,uk_limited_company,false,0,0,0,0,1,1,0,2
346892,uk_limited_company,true,1,2,2,1,3,1,1,11
346893,uk_limited_company,false,0,0,0,0,1,0,0,1
346894,uk_limited_company,false,0,0,0,0,0,0,0,0
346895,uk_limited_company,false,0,0,0,0,0,0,0,0
346896,uk_limited_company,false,0,0,1,0,0,0,0,1
346897,uk_limited_company,false,0,0,0,0,0,1,0,1
346898,uk_limited_company,true,2,2,0,2,2,1,2,11
346899,uk_limited_company,false,0,0,1,0,0,0,2,3
346900,uk_limited_company,false,0,0,0,0,0,1,0,1
346901,uk_limited_company,true,0,2,0,1,1,0,0,4
346902,uk_limited_company,true,1,0,0,2,0,3,1,7
346903,uk_limited_company,false,0,0,0,0,1,0,0,1
346904,uk_limited_company,false,0,0,0,0,0,0,1,1
346905,uk_limited_company,false,0,1,0,0,0,0,1,2
346906,uk_limited_company,false,0,0,0,0,0,0,1,1
346907,uk_limited_company,false,0,0,0,0,0,0,0,0
346908,uk_limited_company,false,0,0,0,0,0,0,1,1
346909,uk_limited_company,false,0,0,0,0,0,0,0,0
346910,uk_limited_company,false,0,1,0,0,1,1,1,4
346911,uk_limited_company,false,0,0,0,0,0,1,0,1
346912,uk_limited_company,true,2,1,1,1,1,2,0,8
346913,uk_limited_company,false,0,0,0,0,0,0,0,0
346914,uk_limited_company,false,1,1,0,0,2,0,0,4
346915,uk_limited_company,false,0,0,0,0,0,1,0,1
346916,uk_limited_company,false,0,0,0,0,0,0,0,0
346917,uk_limited_company,false,0,0,0,0,0,0,0,0
346918,uk_limited_company,false,0,1,0,0,0,1,1,3
346919,uk_limited_company,false,1,1,0,0,0,0,0,2
346920,uk_limited_company,false,0,0,0,0,0,1,0,1
346921,uk_limited_company,false,0,0,0,0,0,1,0,1
346922,uk_limited_company,false,0,0,0,0,0,0,0,0
346923,uk_limited_company,false,0,0,0,1,0,1,0,2
346924,uk_limited_company,false,0,1,0,0,0,2,0,3
346925,uk_limited_company,false,0,0,0,0,0,0,0,0
346926,uk_limited_company,true,0,1,2,1,2,1,0,7
346927,uk_limited_company,false,2,0,0,1,0,0,1,4
346928,uk_limited_company,false,0,0,1,0,0,0,0,1
346929,uk_limited_company,false,0,0,0,0,0,1,0,1
346930,uk_limited_company,false,0,0,0,0,1,0,0,1
346931,uk_limited_company,false,0,0,0,0,0,1,1,2
346932,uk_limited_company,false,0,0,0,1,0,0,1,2
346933,uk_limited_company,false,1,0,1,0,0,0,0,2
346934,uk_limited_company,false,1,0,0,0,0,0,1,2
346935,uk_limited_company,true,0,1,1,2,1,1,3,9
346936,uk_limited_company,false,0,0,0,1,0,0,0,1
346937,uk_limited_company,true,1,0,0,1,2,2,2,8
346938,uk_limited_company,false,0,0,0,0,0,0,0,0
346939,uk_limited_company,false,1,0,0,1,0,1,0,3
346940,uk_limited_company,false,1,0,0,0,0,0,0,1
346941,uk_limited_company,false,0,0,0,1,1,1,0,3
346942,uk_limited_company,false,0,0,0,0,0,1,0,1
346943,uk_limited_company,false,0,0,0,0,0,0,0,0
346944,uk_limited_company,false,0,0,0,1,0,0,1,2
346945,uk_limited_company,true,2,2,0,2,1,2,3,12
346946,uk_limited_company,true,0,1,1,0,3,2,2,9
346947,uk_limited_company,false,0,0,0,0,0,0,1,1
346948,uk_limited_company,false,0,0,1,0,1,0,0,2
346949,uk_limited_company,false,0,0,0,0,0,1,0,1
346950,uk_limited_company,true,2,0,2,1,4,1,0,10
346951,uk_limited_company,false,0,1,0,0,0,1,0,2
346952,uk_limited_company,false,0,0,0,1,0,1,0,2
346953,uk_limited_company,false,0,0,1,0,0,0,1,2
346954,uk_limited_company,false,1,0,0,1,0,0,0,2
346955,uk_limited_company,false,0,0,0,0,0,0,0,0
346956,uk_limited_company,false,0,0,1,0,0,0,0,1
346957,uk_limited_company,false,2,0,0,0,0,0,0,2
346958,uk_limited_company,false,0,0,0,1,0,0,0,1
346959,uk_limited_company,false,0,0,0,0,0,0,0,0
346960,uk_limited_company,true,1,1,3,1,1,0,2,9
346961,uk_limited_company,false,0,0,0,0,0,0,0,0
346962,uk_limited_company,false,0,0,0,0,0,0,1,1
346963,uk_limited_company,true,1,1,0,1,3,3,2,11
346964,uk_limited_company,false,0,0,0,0,1,0,0,1
346965,uk_limited_company,true,1,1,2,2,2,1,0,9
346966,uk_limited_company,false,0,1,0,0,0,0,0,1
346967,uk_limited_company,true,2,0,1,0,0,2,2,7
346968,uk_limited_company,false,0,0,0,0,0,0,0,0
346969,uk_limited_company,false,0,0,0,0,0,0,1,1
346970,uk_limited_company,true,1,1,1,3,1,1,0,8
346971,uk_limited_company,false,0,1,0,0,0,0,0,1
346972,uk_limited_company,false,0,1,1,0,0,0,0,2
346973,uk_limited_company,false,0,0,0,0,0,0,2,2
346974,uk_limited_company,false,0,0,0,2,0,0,0,2
346975,uk_limited_company,true,2,3,1,3,2,1,3,15
346976,uk_limited_company,false,0,1,0,1,0,2,0,4
346977,uk_limited_company,false,0,0,1,0,1,0,0,2
346978,uk_limited_company,false,0,0,0,0,0,0,0,0
346979,uk_limited_company,false,0,0,1,0,0,0,0,1
346980,uk_limited_company,false,0,0,0,0,0,1,0,1
346981,uk_limited_company,false,0,0,0,1,1,0,0,2
346982,uk_limited_company,false,2,0,0,1,0,0,0,3
346983,uk_limited_company,false,0,0,0,0,1,0,0,1
346984,uk_limited_company,true,2,3,1,3,3,0,1,13
346985,uk_limited_company,false,1,0,0,0,0,0,0,1
346986,uk_limited_company,false,0,0,0,0,0,0,0,0
346987,uk_limited_company,true,1,0,1,3,1,1,2,9
346988,uk_limited_company,false,0,0,0,0,1,0,0,1
346989,uk_limited_company,false,1,0,0,0,0,2,0,3
346990,uk_limited_company,false,0,0,1,0,1,0,0,2
346991,uk_limited_company,true,1,0,1,1,1,0,2,6
346992,uk_limited_company,false,0,1,1,0,0,1,0,3
346993,uk_limited_company,false,1,0,0,0,0,0,0,1
346994,uk_limited_company,true,2,1,2,0,0,2,2,9
346995,uk_limited_company,false,1,2,0,0,0,0,0,3
346996,uk_limited_company,false,1,0,0,0,0,1,1,3
346997,uk_limited_company,true,2,0,0,4,0,2,3,11
346998,uk_limited_company,false,0,1,0,0,0,0,1,2
346999,uk_limited_company,true,1,0,2,1,2,1,0,7
347000,uk_limited_company,true,0,2,2,0,0,2,0,6
347001,uk_limited_company,false,0,1,0,0,0,0,0,1
347002,uk_limited_company,false,0,1,0,0,0,1,0,2
347003,uk_limited_company,false,0,0,0,0,0,0,0,0
347004,uk_limited_company,false,0,1,0,0,0,0,0,1
347005,uk_limited_company,false,1,0,0,0,1,0,0,2
347006,uk_limited_company,true,1,1,1,1,0,1,1,6
347007,uk_limited_company,false,1,0,0,0,0,0,0,1
347008,uk_limited_company,false,0,1,0,0,0,1,0,2
347009,uk_limited_company,false,0,0,0,0,0,0,1,1
347010,uk_limited_company,false,0,0,0,0,0,0,0,0
347011,uk_limited_company,false,0,0,0,0,0,0,0,0
347012,uk_limited_company,false,0,1,0,0,0,0,1,2
347013,uk_limited_company,false,0,0,0,0,0,1,0,1
347014,uk_limited_company,false,0,0,2,0,0,0,0,2
347015,uk_limited_company,false,0,0,0,0,0,0,0,0
347016,uk_limited_company,false,0,0,0,0,0,0,1,1
347017,uk_limited_company,true,0,2,2,2,1,0,1,8
347018,uk_limited_company,false,0,0,1,0,0,0,0,1
347019,uk_limited_company,false,0,0,1,0,0,0,0,1
347020,uk_limited_company,true,3,1,2,0,0,0,1,7
347021,uk_limited_company,false,0,0,0,1,0,0,0,1
347022,uk_limited_company,true,0,0,2,2,3,2,2,11
347023,uk_limited_company,false,0,0,0,0,0,1,2,3
347024,uk_limited_company,false,0,0,0,0,1,0,0,1
347025,uk_limited_company,false,0,0,0,0,0,0,0,0
347026,uk_limited_company,false,0,0,0,0,0,0,0,0
347027,uk_limited_company,false,0,0,0,0,0,0,1,1
347028,uk_limited_company,false,0,0,0,0,0,0,0,0
347029,uk_limited_company,false,0,0,0,0,0,0,0,0
347030,uk_limited_company,false,0,0,0,0,0,0,1,1
347031,uk_limited_company,false,0,0,0,0,0,0,0,0
347032,uk_limited_company,false,0,0,0,0,0,1,1,2
347033,uk_limited_company,false,0,0,0,0,0,0,0,0
347034,uk_limited_company,true,2,1,1,1,0,2,3,10
347035,uk_limited_company,false,0,0,0,0,0,0,2,2
347036,uk_limited_company,false,0,1,0,0,0,0,1,2
347037,uk_limited_company,false,0,0,0,0,0,0,0,0
347038,uk_limited_company,false,1,1,0,0,0,0,0,2
347039,uk_limited_company,false,0,0,0,1,1,0,0,2
347040,uk_limited_company,false,1,1,0,0,0,0,0,2
347041,uk_limited_company,false,0,0,0,0,1,1,0,2
347042,uk_limited_company,false,0,0,0,1,0,0,0,1
347043,uk_limited_company,false,0,0,0,0,0,0,0,0
347044,uk_limited_company,false,0,0,0,1,0,0,1,2
347045,uk_limited_company,false,0,0,0,0,0,1,0,1
347046,uk_limited_company,false,0,0,0,0,0,0,0,0
347047,uk_limited_company,true,0,0,3,1,1,2,0,7
347048,uk_limited_company,false,0,0,1,0,0,1,1,3
347049,uk_limited_company,false,1,2,1,0,0,0,0,4
347050,uk_limited_company,false,0,0,0,0,0,0,1,1
347051,uk_limited_company,true,4,1,0,1,0,0,1,7
347052,uk_limited_company,false,0,0,0,1,1,0,0,2
347053,uk_limited_company,true,1,1,0,0,2,0,3,7
347054,uk_limited_company,true,2,1,0,2,2,0,1,8
347055,uk_limited_company,false,0,0,0,0,1,1,0,2
347056,uk_limited_company,false,0,0,0,0,0,0,0,0
347057,uk_limited_company,false,1,0,0,2,0,0,0,3
347058,uk_limited_company,true,1,1,1,0,3,1,1,8
347059,uk_limited_company,false,0,0,1,0,0,0,0,1
347060,uk_limited_company,true,0,2,2,2,1,0,3,10
347061,uk_limited_company,false,0,0,0,0,0,0,0,0
347062,uk_limited_company,false,0,0,1,0,0,0,0,1
347063,uk_limited_company,true,1,1,0,2,0,1,0,5
347064,uk_limited_company,false,0,0,0,0,0,2,0,2
347065,uk_limited_company,false,0,0,0,0,1,0,1,2
347066,uk_limited_company,false,0,0,0,0,0,0,0,0
347067,uk_limited_company,false,0,0,0,1,0,0,0,1
347068,uk_limited_company,true,1,1,2,2,3,1,2,12
347069,uk_limited_company,false,0,2,0,0,0,0,0,2
347070,uk_limited_company,false,0,1,2,0,1,0,0,4
347071,uk_limited_company,false,1,1,1,0,0,0,0,3
347072,uk_limited_company,true,0,2,0,3,0,2,3,10
347073,uk_limited_company,false,0,0,0,0,0,0,0,0
347074,uk_limited_company,false,0,0,0,0,0,0,0,0
347075,uk_limited_company,false,0,0,0,0,0,1,0,1
347076,uk_limited_company,false,0,0,0,0,0,0,1,1
347077,uk_limited_company,false,0,1,1,0,1,1,0,4
347078,uk_limited_company,false,0,0,0,0,0,0,0,0
347079,uk_limited_company,false,0,0,0,1,0,0,0,1
347080,uk_limited_company,false,0,0,0,0,0,1,0,1
347081,uk_limited_company,false,0,0,0,0,0,0,0,0
347082,uk_limited_company,false,1,0,0,0,0,0,0,1
347083,uk_limited_company,false,0,1,0,0,1,0,0,2
347084,uk_limited_company,false,0,0,0,0,1,0,0,1
347085,uk_limited_company,false,0,0,0,0,0,0,1,1
347086,uk_limited_company,false,0,1,0,0,0,0,0,1
347087,uk_limited_company,false,0,0,0,1,2,0,2,5
347088,uk_limited_company,false,1,1,0,0,0,0,0,2
347089,uk_limited_company,false,0,0,0,1,0,0,1,2
347090,uk_limited_company,false,1,0,0,0,0,0,1,2
347091,uk_limited_company,true,2,0,1,2,0,1,0,6
347092,uk_limited_company,false,0,0,0,1,0,1,0,2
347093,uk_limited_company,false,0,1,0,0,1,0,0,2
347094,uk_limited_company,false,0,0,0,0,0,1,0,1
347095,uk_limited_company,false,2,1,0,1,0,1,0,5
347096,uk_limited_company,false,0,0,1,0,0,0,0,1
347097,uk_limited_company,false,0,0,1,0,0,0,0,1
347098,uk_limited_company,false,1,0,0,0,0,0,0,1
347099,uk_limited_company,false,0,0,0,0,0,0,1,1
347100,uk_limited_company,false,0,0,0,0,0,0,1,1
347101,uk_limited_company,true,3,0,1,1,2,1,3,11
347102,uk_limited_company,false,0,0,0,0,0,0,1,1
347103,uk_limited_company,true,2,1,1,0,0,3,2,9
347104,uk_limited_company,false,0,0,0,0,1,0,0,1
347105,uk_limited_company,true,0,0,0,2,0,0,1,3
347106,uk_limited_company,true,2,2,0,1,3,2,3,13
347107,uk_limited_company,true,1,0,2,1,0,0,3,7
347108,uk_limited_company,false,0,0,0,0,0,0,0,0
347109,uk_limited_company,false,1,0,0,0,0,0,2,3
347110,uk_limited_company,true,0,0,0,1,1,3,1,6
347111,uk_limited_company,true,3,0,1,1,1,3,2,11
347112,uk_limited_company,true,2,1,0,2,1,1,2,9
347113,uk_limited_company,false,0,0,0,0,0,0,0,0
347114,uk_limited_company,false,0,1,1,0,0,0,0,2
347115,uk_limited_company,false,0,1,1,0,0,0,0,2
347116,uk_limited_company,false,0,0,0,3,0,0,0,3
347117,uk_limited_company,false,0,0,0,0,0,0,0,0
347118,uk_limited_company,false,0,1,0,0,0,1,1,3
347119,uk_limited_company,false,0,0,1,1,0,0,0,2
347120,uk_limited_company,true,0,0,0,2,2,2,0,6
347121,uk_limited_company,false,0,0,1,0,0,0,1,2
347122,uk_limited_company,false,1,0,0,0,0,2,0,3
347123,uk_limited_company,false,1,0,0,0,1,0,1,3
347124,uk_limited_company,true,2,0,0,4,0,4,0,10
347125,uk_limited_company,false,1,2,0,1,1,1,0,6
347126,uk_limited_company,true,0,1,1,1,3,1,2,9
347127,uk_limited_company,false,0,0,0,3,0,0,0,3
347128,uk_limited_company,false,0,0,1,0,1,0,0,2
347129,uk_limited_company,false,0,0,1,0,0,0,0,1
347130,uk_limited_company,false,2,0,0,0,0,0,0,2
347131,uk_limited_company,false,0,0,0,0,0,0,0,0
347132,uk_limited_company,false,0,0,0,0,1,1,0,2
347133,uk_limited_company,false,0,0,0,0,1,0,0,1
347134,uk_limited_company,false,0,0,0,0,0,0,0,0
347135,uk_limited_company,false,0,0,1,0,0,0,0,1
347136,uk_limited_company,false,0,0,0,0,0,1,0,1
347137,uk_limited_company,false,0,0,0,0,0,0,0,0
347138,uk_limited_company,true,1,0,1,1,3,2,1,9
347139,uk_limited_company,false,0,0,0,0,0,0,0,0
347140,uk_limited_company,false,0,0,1,0,0,0,0,1
347141,uk_limited_company,false,0,0,0,0,0,0,1,1
347142,uk_limited_company,false,1,0,0,0,0,0,0,1
347143,uk_limited_company,false,0,0,0,1,1,0,0,2
347144,uk_limited_company,false,0,0,1,0,0,0,0,1
347145,uk_limited_company,true,3,0,0,0,1,3,0,7
347146,uk_limited_company,true,0,0,2,0,1,1,3,7
347147,uk_limited_company,false,0,0,0,0,0,1,0,1
347148,uk_limited_company,false,0,0,0,0,0,0,1,1
347149,uk_limited_company,false,1,0,1,0,0,0,0,2
347150,uk_limited_company,false,0,0,0,0,1,0,0,1
347151,uk_limited_company,false,1,0,1,1,1,0,0,4
347152,uk_limited_company,false,0,0,1,0,0,1,0,2
347153,uk_limited_company,true,0,0,1,0,2,1,3,7
347154,uk_limited_company,false,0,0,0,0,0,0,0,0
347155,uk_limited_company,false,1,1,1,0,2,1,0,6
347156,uk_limited_company,false,0,1,2,0,0,0,1,4
347157,uk_limited_company,false,1,0,0,0,2,0,0,3
347158,uk_limited_company,false,0,0,1,0,0,0,0,1
347159,uk_limited_company,false,0,0,0,0,0,0,0,0
347160,uk_limited_company,false,1,0,1,0,0,0,0,2
347161,uk_limited_company,false,0,0,0,0,0,0,0,0
347162,uk_limited_company,true,1,2,1,2,2,1,1,10
347163,uk_limited_company,false,0,0,0,0,0,0,0,0
347164,uk_limited_company,false,1,0,0,1,0,0,1,3
347165,uk_limited_company,false,0,0,0,1,0,0,1,2
347166,uk_limited_company,false,1,0,1,0,0,0,0,2
347167,uk_limited_company,true,0,1,0,0,1,0,1,3
347168,uk_limited_company,true,1,0,3,1,0,1,1,7
347169,uk_limited_company,true,2,0,4,1,5,1,1,14
347170,uk_limited_company,false,0,0,0,0,0,0,0,0
347171,uk_limited_company,true,0,1,1,1,0,0,3,6
347172,uk_limited_company,false,1,0,0,0,0,0,0,1
347173,uk_limited_company,true,0,2,1,0,3,1,3,10
347174,uk_limited_company,false,0,0,1,0,0,0,0,1
347175,uk_limited_company,false,0,0,0,1,1,0,1,3
347176,uk_limited_company,false,0,0,0,0,0,0,0,0
347177,uk_limited_company,false,1,1,0,0,0,0,0,2
347178,uk_limited_company,false,0,1,0,0,0,0,0,1
347179,uk_limited_company,false,1,1,1,1,0,0,0,4
347180,uk_limited_company,false,0,1,0,1,0,0,0,2
347181,uk_limited_company,false,2,0,0,1,0,0,1,4
347182,uk_limited_company,false,0,0,0,1,0,0,0,1
347183,uk_limited_company,false,0,0,0,0,0,0,1,1
347184,uk_limited_company,false,0,0,0,0,0,1,0,1
347185,uk_limited_company,false,0,0,0,0,0,0,0,0
347186,uk_limited_company,false,0,0,0,0,0,0,0,0
347187,uk_limited_company,true,0,1,0,4,0,1,1,7
347188,uk_limited_company,false,0,0,1,0,0,0,0,1
347189,uk_limited_company,false,1,0,0,0,1,0,0,2
347190,uk_limited_company,false,0,0,0,0,0,0,1,1
347191,uk_limited_company,false,0,0,0,0,0,0,0,0
347192,uk_limited_company,false,0,0,0,0,0,0,0,0
347193,uk_limited_company,true,1,1,0,0,0,2,2,6
347194,uk_limited_company,false,0,1,1,0,0,1,0,3
347195,uk_limited_company,false,0,0,0,0,0,0,0,0
347196,uk_limited_company,false,0,0,1,0,0,0,0,1
347197,uk_limited_company,false,0,0,0,0,0,0,0,0
347198,uk_limited_company,false,0,0,1,0,0,0,0,1
347199,uk_limited_company,false,0,0,0,0,0,0,0,0
347200,uk_limited_company,false,2,0,1,0,1,0,0,4
347201,uk_limited_company,false,1,0,0,0,1,0,0,2
347202,uk_limited_company,false,0,0,0,0,0,0,1,1
347203,uk_limited_company,true,1,2,0,0,1,1,0,5
347204,uk_limited_company,false,0,1,0,0,0,0,0,1
347205,uk_limited_company,false,1,1,0,0,0,1,0,3
347206,uk_limited_company,false,0,0,0,0,0,0,0,0
347207,uk_limited_company,false,0,1,2,0,0,1,0,4
347208,uk_limited_company,false,0,1,0,0,0,1,0,2
347209,uk_limited_company,true,1,1,3,1,1,0,2,9
347210,uk_limited_company,false,0,0,0,0,0,0,0,0
347211,uk_limited_company,true,3,0,2,0,2,1,3,11
347212,uk_limited_company,true,1,2,2,0,1,1,1,8
347213,uk_limited_company,false,0,0,0,0,0,0,0,0
347214,uk_limited_company,false,0,0,1,0,0,0,0,1
347215,uk_limited_company,true,0,3,1,1,1,0,4,10
347216,uk_limited_company,false,0,0,0,0,1,0,0,1
347217,uk_limited_company,false,0,0,0,1,0,0,0,1
347218,uk_limited_company,false,0,0,0,2,0,0,0,2
347219,uk_limited_company,false,0,0,0,0,0,0,0,0
347220,uk_limited_company,false,0,0,0,0,0,1,2,3
347221,uk_limited_company,true,1,0,2,0,0,1,2,6
347222,uk_limited_company,false,0,1,0,0,0,1,1,3
347223,uk_limited_company,false,1,0,0,1,0,0,0,2
347224,uk_limited_company,false,0,1,0,0,0,1,0,2
347225,uk_limited_company,false,0,2,0,0,0,0,1,3
347226,uk_limited_company,false,1,0,0,0,0,0,0,1
347227,uk_limited_company,false,0,0,0,1,0,0,0,1
347228,uk_limited_company,false,1,0,0,1,0,1,0,3
347229,uk_limited_company,false,0,0,0,0,0,0,0,0
347230,uk_limited_company,false,0,0,0,1,1,1,2,5
347231,uk_limited_company,false,0,0,1,0,0,0,0,1
347232,uk_limited_company,true,1,1,0,1,1,2,0,6
347233,uk_limited_company,false,0,0,0,0,0,1,0,1
347234,uk_limited_company,false,1,0,0,0,0,0,1,2
347235,uk_limited_company,false,0,0,0,1,0,0,0,1
347236,uk_limited_company,false,0,1,0,0,3,1,0,5
347237,uk_limited_company,false,0,0,0,0,0,0,0,0
347238,uk_limited_company,false,0,0,0,0,0,0,0,0
347239,uk_limited_company,false,1,0,0,0,0,1,0,2
347240,uk_limited_company,true,0,1,1,0,0,2,1,5
347241,uk_limited_company,false,1,0,0,0,0,0,1,2
347242,uk_limited_company,false,0,0,0,0,0,0,0,0
347243,uk_limited_company,true,0,0,2,1,1,2,1,7
347244,uk_limited_company,false,2,1,0,1,0,0,0,4
347245,uk_limited_company,false,0,1,0,0,0,0,0,1
347246,uk_limited_company,false,0,0,2,0,0,1,1,4
347247,uk_limited_company,false,1,0,2,0,0,0,1,4
347248,uk_limited_company,false,0,0,0,1,0,0,0,1
347249,uk_limited_company,true,3,1,1,1,2,2,1,11
347250,uk_limited_company,false,0,0,1,0,1,0,0,2
347251,uk_limited_company,true,2,0,1,0,0,2,1,6
347252,uk_limited_company,false,0,0,0,0,1,0,0,1
347253,uk_limited_company,false,0,2,1,0,0,0,0,3
347254,uk_limited_company,true,0,2,2,1,1,1,0,7
347255,uk_limited_company,false,0,0,1,0,0,0,0,1
347256,uk_limited_company,true,2,2,2,4,0,3,5,18
347257,uk_limited_company,false,0,0,0,0,0,0,0,0
347258,uk_limited_company,false,0,0,1,1,0,0,0,2
347259,uk_limited_company,true,0,2,1,1,3,1,0,8
347260,uk_limited_company,false,0,0,0,0,0,0,1,1
347261,uk_limited_company,false,0,0,0,0,0,0,0,0
347262,uk_limited_company,true,0,5,2,2,2,1,1,13
347263,uk_limited_company,true,4,1,2,1,2,0,0,10
347264,uk_limited_company,false,0,0,0,0,0,0,0,0
347265,uk_limited_company,false,0,0,0,0,2,0,0,2
347266,uk_limited_company,false,0,0,0,0,0,0,0,0
347267,uk_limited_company,false,0,0,0,0,1,0,0,1
347268,uk_limited_company,false,0,1,0,1,1,1,0,4
347269,uk_limited_company,false,0,0,0,0,1,0,0,1
347270,uk_limited_company,false,0,0,0,1,0,0,0,1
347271,uk_limited_company,false,0,0,0,0,1,0,0,1
347272,uk_limited_company,false,0,0,0,0,0,0,0,0
347273,uk_limited_company,false,0,0,0,0,0,0,0,0
347274,uk_limited_company,false,0,0,0,0,0,0,1,1
347275,uk_limited_company,false,1,1,0,0,1,1,0,4
347276,uk_limited_company,false,0,0,0,1,1,0,0,2
347277,uk_limited_company,false,0,0,0,1,1,0,0,2
347278,uk_limited_company,true,1,1,1,0,1,1,0,5
347279,uk_limited_company,true,1,1,0,2,2,0,0,6
347280,uk_limited_company,false,0,2,0,0,0,0,0,2
347281,uk_limited_company,false,0,0,1,0,0,1,1,3
347282,uk_sole_trader,true,3,1,0,0,0,1,3,8
347283,uk_sole_trader,false,0,0,1,0,0,1,0,2
347284,uk_sole_trader,false,0,0,0,0,0,0,0,0
347285,uk_sole_trader,false,0,0,0,0,0,0,1,1
347286,uk_sole_trader,false,0,0,0,0,0,1,0,1
347287,uk_sole_trader,false,0,0,0,0,0,0,0,0
347288,uk_sole_trader,false,0,0,1,0,0,1,1,3
347289,uk_sole_trader,false,0,0,0,0,0,0,0,0
347290,uk_sole_trader,false,0,0,0,0,0,0,2,2
347291,uk_sole_trader,true,1,2,1,4,2,2,0,12
347292,uk_sole_trader,false,0,1,0,0,0,0,0,1
347293,uk_sole_trader,false,0,0,0,0,0,0,0,0
347294,uk_sole_trader,false,1,0,0,0,0,0,0,1
347295,uk_sole_trader,false,0,0,2,0,0,2,0,4
347296,uk_sole_trader,false,0,0,0,0,1,0,0,1
347297,uk_sole_trader,false,0,0,0,0,0,0,0,0
347298,uk_sole_trader,false,0,0,0,0,0,0,0,0
347299,uk_sole_trader,false,0,0,0,0,0,0,0,0
347300,uk_sole_trader,false,1,0,0,0,0,0,0,1
347301,uk_sole_trader,false,0,0,0,0,0,0,1,1
347302,uk_sole_trader,false,0,0,0,0,0,0,0,0
347303,uk_sole_trader,false,0,0,0,0,0,0,0,0
347304,uk_sole_trader,false,0,0,0,1,0,0,0,1
347305,uk_sole_trader,false,0,0,0,0,0,0,0,0
347306,uk_sole_trader,true,1,2,0,1,3,4,1,12
347307,uk_sole_trader,false,1,0,0,0,1,0,0,2
347308,uk_sole_trader,false,0,1,0,0,0,2,0,3
347309,uk_sole_trader,false,0,0,0,0,0,1,0,1
347310,uk_sole_trader,false,0,0,0,0,0,0,0,0
347311,uk_sole_trader,false,1,0,1,0,0,0,0,2
347312,uk_sole_trader,false,1,1,1,0,0,2,1,6
347313,uk_sole_trader,true,1,0,1,2,1,2,0,7
347314,uk_sole_trader,true,2,0,0,1,2,1,2,8
347315,uk_sole_trader,false,0,0,0,0,1,0,0,1
347316,uk_sole_trader,false,1,0,0,0,1,0,1,3
347317,uk_sole_trader,true,0,2,1,0,4,2,2,11
347318,uk_sole_trader,true,1,1,1,0,1,0,2,6
347319,uk_sole_trader,false,0,1,0,0,1,0,1,3
347320,uk_sole_trader,false,0,0,1,0,0,0,0,1
347321,uk_sole_trader,false,1,0,0,0,0,0,0,1
347322,uk_sole_trader,false,0,0,0,0,1,0,1,2
347323,uk_sole_trader,false,0,0,0,0,0,0,0,0
347324,uk_sole_trader,false,0,0,1,1,0,1,2,5
347325,uk_sole_trader,false,1,1,0,0,0,1,0,3
347326,uk_sole_trader,true,0,1,4,1,2,1,0,9
347327,uk_sole_trader,false,1,0,0,0,0,0,0,1
347328,uk_sole_trader,false,0,0,0,0,0,2,0,2
347329,uk_sole_trader,false,0,0,0,0,0,1,0,1
347330,uk_sole_trader,false,0,1,0,0,0,0,0,1
347331,uk_sole_trader,false,0,0,0,0,0,0,0,0
347332,uk_sole_trader,false,0,0,0,0,0,0,0,0
347333,uk_sole_trader,false,0,1,0,0,1,0,0,2
347334,uk_sole_trader,false,1,2,1,0,0,0,0,4
347335,uk_sole_trader,false,0,0,0,0,0,0,0,0
347336,uk_sole_trader,false,1,1,0,2,0,0,0,4
347337,uk_sole_trader,true,1,2,4,1,0,2,1,11
347338,uk_sole_trader,true,2,4,2,2,1,2,2,15
347339,uk_sole_trader,false,0,0,0,0,0,0,0,0
347340,uk_sole_trader,false,1,0,0,0,0,0,0,1
347341,uk_sole_trader,false,0,0,0,1,0,0,0,1
347342,uk_sole_trader,false,0,0,0,0,0,0,0,0
347343,uk_sole_trader,true,2,3,1,0,0,2,3,11
347344,uk_sole_trader,false,0,0,0,0,0,0,0,0
347345,uk_sole_trader,false,0,1,0,1,0,0,0,2
347346,uk_sole_trader,false,0,1,0,0,0,1,0,2
347347,uk_sole_trader,false,0,0,0,0,0,0,0,0
347348,uk_sole_trader,false,0,0,1,0,1,0,0,2
347349,uk_sole_trader,false,0,0,0,0,0,1,0,1
347350,uk_sole_trader,true,1,1,0,0,3,0,0,5
347351,uk_sole_trader,false,0,0,0,0,0,0,0,0
347352,uk_sole_trader,false,0,0,0,0,1,0,0,1
347353,uk_sole_trader,false,0,0,1,1,0,1,0,3
347354,uk_sole_trader,false,0,0,0,0,0,0,0,0
347355,uk_sole_trader,false,0,0,0,0,1,0,0,1
347356,uk_sole_trader,false,1,1,0,0,1,1,0,4
347357,uk_sole_trader,false,1,0,0,1,0,2,0,4
347358,uk_sole_trader,true,0,0,1,2,1,1,0,5
347359,uk_sole_trader,true,1,2,1,1,1,2,1,9
347360,uk_sole_trader,false,0,1,0,0,0,0,0,1
347361,uk_sole_trader,false,1,0,0,0,1,0,0,2
347362,uk_sole_trader,true,1,2,1,1,1,1,1,8
347363,uk_sole_trader,false,0,0,1,2,0,0,0,3
347364,uk_sole_trader,true,2,3,1,2,2,1,0,11
347365,uk_sole_trader,false,0,0,0,0,0,0,0,0
347366,uk_sole_trader,false,0,0,0,1,1,0,0,2
347367,uk_sole_trader,false,0,0,0,0,0,0,0,0
347368,uk_sole_trader,false,0,0,0,0,1,0,1,2
347369,uk_sole_trader,false,0,0,2,0,1,1,0,4
347370,uk_sole_trader,false,0,0,0,0,1,0,0,1
347371,uk_sole_trader,false,0,0,1,0,0,0,0,1
347372,uk_sole_trader,false,0,0,0,0,0,1,0,1
347373,uk_sole_trader,true,1,0,1,0,2,2,1,7
347374,uk_sole_trader,false,0,0,0,0,0,0,0,0
347375,uk_sole_trader,false,0,0,0,0,0,1,0,1
347376,uk_sole_trader,false,1,2,0,0,1,1,0,5
347377,uk_sole_trader,false,0,0,1,0,0,0,0,1
347378,uk_sole_trader,false,0,0,0,0,2,1,0,3
347379,uk_sole_trader,false,0,0,0,0,0,0,0,0
347380,uk_sole_trader,false,0,1,0,1,0,0,0,2
347381,uk_sole_trader,false,0,0,1,0,1,0,0,2
347382,uk_sole_trader,false,0,0,0,0,0,0,0,0
347383,uk_sole_trader,false,0,0,0,1,0,0,1,2
347384,uk_sole_trader,false,0,0,0,0,0,0,0,0
347385,uk_sole_trader,false,0,0,0,0,0,1,0,1
347386,uk_sole_trader,false,0,0,0,0,0,0,0,0
347387,uk_sole_trader,false,0,0,1,0,0,0,0,1
347388,uk_sole_trader,false,0,1,0,0,0,0,1,2
347389,uk_sole_trader,false,0,1,1,0,0,0,0,2
347390,uk_sole_trader,false,0,0,0,1,0,0,0,1
347391,uk_sole_trader,false,0,0,0,0,1,1,0,2
347392,uk_sole_trader,false,0,1,0,0,0,0,1,2
347393,uk_sole_trader,false,0,0,0,0,1,0,0,1
347394,uk_sole_trader,false,0,0,1,0,0,0,0,1
347395,uk_sole_trader,false,1,0,0,0,1,0,1,3
347396,uk_sole_trader,false,1,0,0,2,0,1,0,4
347397,uk_sole_trader,false,0,0,1,1,0,0,0,2
347398,uk_sole_trader,false,0,0,0,0,0,0,0,0
347399,uk_sole_trader,true,4,2,2,1,1,1,2,13
347400,uk_sole_trader,false,0,1,0,1,0,0,1,3
347401,uk_sole_trader,false,1,1,0,1,0,1,0,4
347402,uk_sole_trader,false,0,0,2,0,0,1,0,3
347403,uk_sole_trader,false,0,1,0,0,0,0,0,1
347404,uk_sole_trader,false,0,0,0,0,1,1,0,2
347405,uk_sole_trader,true,1,0,2,1,2,1,0,7
347406,uk_sole_trader,false,0,0,0,0,0,0,0,0
347407,uk_sole_trader,false,0,0,0,0,1,1,0,2
347408,uk_sole_trader,false,0,0,0,0,0,1,0,1
347409,uk_sole_trader,false,0,0,0,1,1,0,0,2
347410,uk_sole_trader,false,0,0,0,0,0,0,0,0
347411,uk_sole_trader,false,0,1,0,0,0,2,2,5
347412,uk_sole_trader,false,1,0,0,0,0,0,0,1
347413,uk_sole_trader,false,1,0,0,0,0,0,1,2
347414,uk_sole_trader,false,1,0,0,0,0,0,0,1
347415,uk_sole_trader,false,1,1,1,0,0,0,0,3
347416,uk_sole_trader,false,0,0,1,1,0,0,0,2
347417,uk_sole_trader,false,0,0,1,0,0,1,1,3
347418,uk_sole_trader,false,0,0,0,0,0,0,0,0
347419,uk_sole_trader,false,0,0,0,0,0,0,0,0
347420,uk_sole_trader,false,0,0,0,0,1,0,0,1
347421,uk_sole_trader,true,1,2,3,1,1,0,1,9
347422,uk_sole_trader,false,0,0,0,0,0,0,0,0
347423,uk_sole_trader,false,1,1,0,0,0,0,0,2
347424,uk_sole_trader,false,1,0,1,0,0,1,1,4
347425,uk_sole_trader,false,0,0,0,1,0,0,0,1
347426,uk_sole_trader,false,0,0,1,0,0,0,0,1
347427,uk_sole_trader,false,0,0,0,0,0,0,0,0
347428,uk_sole_trader,false,0,0,0,0,0,0,0,0
347429,uk_sole_trader,false,0,0,0,0,0,1,0,1
347430,uk_sole_trader,true,3,1,0,0,1,1,0,6
347431,uk_sole_trader,true,1,1,0,1,0,2,2,7
347432,uk_sole_trader,false,0,0,0,0,0,1,0,1
347433,uk_sole_trader,false,1,0,0,0,1,0,0,2
347434,uk_sole_trader,false,0,0,0,0,0,0,0,0
347435,uk_sole_trader,true,0,0,0,2,0,1,2,5
347436,uk_sole_trader,false,0,0,0,0,0,0,1,1
347437,uk_sole_trader,false,0,0,1,0,1,0,1,3
347438,uk_sole_trader,false,0,0,1,0,0,1,0,2
347439,uk_sole_trader,false,0,0,0,0,1,0,0,1
347440,uk_sole_trader,false,0,0,0,0,0,0,0,0
347441,uk_sole_trader,false,0,0,0,0,0,1,0,1
347442,uk_sole_trader,false,0,1,1,0,0,0,0,2
347443,uk_sole_trader,false,0,0,1,2,0,0,0,3
347444,uk_sole_trader,false,1,0,0,0,0,0,0,1
347445,uk_sole_trader,false,0,1,0,0,0,0,0,1
347446,uk_sole_trader,false,1,0,0,0,0,0,0,1
347447,uk_sole_trader,true,0,2,0,2,0,4,0,8
347448,uk_sole_trader,false,0,1,0,0,0,0,0,1
347449,uk_sole_trader,false,0,0,0,0,0,0,0,0
347450,uk_sole_trader,false,2,0,0,0,0,0,1,3
347451,uk_sole_trader,false,0,0,0,1,0,0,1,2
347452,uk_sole_trader,true,1,0,0,2,1,1,2,7
347453,uk_sole_trader,false,0,0,0,0,0,0,0,0
347454,uk_sole_trader,false,0,0,0,0,0,0,0,0
347455,uk_sole_trader,false,0,0,1,0,1,0,1,3
347456,uk_sole_trader,true,1,0,3,0,2,0,3,9
347457,uk_sole_trader,false,0,0,0,0,0,0,1,1
347458,uk_sole_trader,false,0,0,0,0,0,0,0,0
347459,uk_sole_trader,true,4,1,1,1,1,1,1,10
347460,uk_sole_trader,false,0,0,0,0,0,0,0,0
347461,uk_sole_trader,false,1,0,0,0,0,1,1,3
347462,uk_sole_trader,false,0,0,1,0,1,0,0,2
347463,uk_sole_trader,false,0,0,0,0,0,0,0,0
347464,uk_sole_trader,true,0,4,2,1,2,1,1,11
347465,uk_sole_trader,false,0,0,1,0,0,0,1,2
347466,uk_sole_trader,false,0,0,0,0,0,0,0,0
347467,uk_sole_trader,false,0,0,0,1,0,0,0,1
347468,uk_sole_trader,false,1,1,1,0,1,2,0,6
347469,uk_sole_trader,true,5,0,1,2,1,1,3,13
347470,uk_sole_trader,true,2,1,4,2,2,0,1,12
347471,uk_sole_trader,false,0,0,0,0,0,0,0,0
347472,uk_sole_trader,false,0,0,0,0,0,0,0,0
347473,uk_sole_trader,false,1,1,0,0,0,0,0,2
347474,uk_sole_trader,false,0,2,0,0,0,2,0,4
347475,uk_sole_trader,false,0,0,0,0,1,0,1,2
347476,uk_sole_trader,false,0,0,0,0,1,0,0,1
347477,uk_sole_trader,true,4,1,2,0,1,1,2,11
347478,uk_sole_trader,false,0,0,0,0,1,0,0,1
347479,uk_sole_trader,false,0,1,0,0,0,0,0,1
347480,uk_sole_trader,false,0,0,0,0,0,0,0,0
347481,uk_sole_trader,true,0,0,1,2,0,1,1,5
347482,uk_sole_trader,false,0,1,0,0,0,0,0,1
347483,uk_sole_trader,false,0,0,0,0,0,0,0,0
347484,uk_sole_trader,false,0,0,0,1,0,0,0,1
347485,uk_sole_trader,true,0,0,2,2,4,2,0,10
347486,uk_sole_trader,false,0,0,1,0,0,0,0,1
347487,uk_sole_trader,false,0,0,0,0,0,1,0,1
347488,uk_sole_trader,false,0,2,0,0,0,0,0,2
347489,uk_sole_trader,false,1,0,0,0,0,0,0,1
347490,uk_sole_trader,false,0,0,0,0,0,1,0,1
347491,uk_sole_trader,true,0,1,1,1,1,1,0,5
347492,uk_sole_trader,false,1,0,2,0,2,0,0,5
347493,uk_sole_trader,true,1,0,1,0,0,2,1,5
347494,uk_sole_trader,false,0,0,0,1,0,1,0,2
347495,uk_sole_trader,false,0,0,0,0,0,0,0,0
347496,uk_sole_trader,false,0,1,0,0,0,0,0,1
347497,uk_sole_trader,false,1,0,0,0,0,0,0,1
347498,uk_sole_trader,false,0,0,0,0,0,2,0,2
347499,uk_sole_trader,false,0,0,0,0,1,0,0,1
347500,uk_sole_trader,false,0,0,0,0,0,0,0,0
347501,uk_sole_trader,false,0,0,0,0,0,0,0,0
347502,uk_sole_trader,false,0,0,0,0,0,0,0,0
347503,uk_sole_trader,false,0,0,0,1,2,0,0,3
347504,uk_sole_trader,false,1,1,1,1,0,0,0,4
347505,uk_sole_trader,false,0,0,0,0,0,0,0,0
347506,uk_sole_trader,false,0,0,0,0,0,0,0,0
347507,uk_sole_trader,false,0,0,1,0,1,0,0,2
347508,uk_sole_trader,false,2,1,0,0,0,0,0,3
347509,uk_sole_trader,false,0,0,0,1,0,0,0,1
347510,uk_sole_trader,false,0,1,0,1,1,0,0,3
347511,uk_sole_trader,false,1,0,0,1,0,0,0,2
347512,uk_sole_trader,false,0,0,0,0,0,0,0,0
347513,uk_sole_trader,false,0,0,0,0,0,1,1,2
347514,uk_sole_trader,true,3,2,2,0,1,2,0,10
347515,uk_sole_trader,false,0,0,0,1,0,0,0,1
347516,uk_sole_trader,false,0,0,0,0,0,0,0,0
347517,uk_sole_trader,false,0,0,0,0,0,0,0,0
347518,uk_sole_trader,false,0,0,0,1,2,1,0,4
347519,uk_sole_trader,false,0,0,0,0,0,0,0,0
347520,uk_sole_trader,false,1,0,0,0,0,0,0,1
347521,uk_sole_trader,false,0,0,0,0,1,0,0,1
347522,uk_sole_trader,false,0,0,2,0,0,1,0,3
347523,uk_sole_trader,true,2,1,1,2,0,1,1,8
347524,uk_sole_trader,false,0,0,0,0,0,0,1,1
347525,uk_sole_trader,false,0,0,0,1,0,0,0,1
347526,uk_sole_trader,false,0,0,0,0,0,0,0,0
347527,uk_sole_trader,false,0,1,0,0,1,0,0,2
347528,uk_sole_trader,false,0,0,1,0,0,1,1,3
347529,uk_sole_trader,true,2,0,1,1,0,0,1,5
347530,uk_sole_trader,false,0,0,0,0,0,0,0,0
347531,uk_sole_trader,false,0,0,0,0,0,1,0,1
347532,uk_sole_trader,false,0,0,0,0,0,0,0,0
347533,uk_sole_trader,false,1,1,0,1,0,0,0,3
347534,uk_sole_trader,false,0,0,0,0,1,0,0,1
347535,uk_sole_trader,false,0,0,0,0,0,0,0,0
347536,uk_sole_trader,false,0,0,0,0,0,0,0,0
347537,uk_sole_trader,false,0,0,1,1,0,0,0,2
347538,uk_sole_trader,false,2,0,0,0,0,0,0,2
347539,uk_sole_trader,true,1,2,1,5,0,2,0,11
347540,uk_sole_trader,false,0,0,0,0,0,0,0,0
347541,uk_sole_trader,false,0,0,1,0,0,0,0,1
347542,uk_sole_trader,false,0,0,0,0,0,0,0,0
347543,uk_sole_trader,false,0,0,0,0,0,0,0,0
347544,uk_sole_trader,false,0,0,1,1,0,0,0,2
347545,uk_sole_trader,false,1,0,0,0,0,0,0,1
347546,uk_sole_trader,false,0,0,0,0,0,1,0,1
347547,uk_sole_trader,false,1,0,0,0,0,0,0,1
347548,uk_sole_trader,false,0,1,0,0,0,0,1,2
347549,uk_sole_trader,false,1,2,0,0,1,1,1,6
347550,uk_sole_trader,true,3,0,1,2,1,1,1,9
347551,uk_sole_trader,false,0,0,0,0,2,1,0,3
347552,uk_sole_trader,false,0,0,1,0,0,0,0,1
347553,uk_sole_trader,false,0,0,1,0,0,0,0,1
347554,uk_sole_trader,false,1,0,0,0,0,0,0,1
347555,uk_sole_trader,false,0,0,0,1,0,1,0,2
347556,uk_sole_trader,false,1,2,1,0,1,0,0,5
347557,uk_sole_trader,false,0,1,1,0,0,2,0,4
347558,uk_sole_trader,false,0,0,0,0,0,0,0,0
347559,uk_sole_trader,false,0,0,1,0,1,1,0,3
347560,uk_sole_trader,false,0,0,0,0,0,1,0,1
347561,uk_sole_trader,false,0,0,0,1,0,0,0,1
347562,uk_sole_trader,false,0,0,0,0,0,0,0,0
347563,uk_sole_trader,false,0,0,0,0,0,0,0,0
347564,uk_sole_trader,false,0,1,0,1,0,0,0,2
347565,uk_sole_trader,false,1,0,0,0,0,0,0,1
347566,uk_sole_trader,false,0,0,0,0,0,0,0,0
347567,uk_sole_trader,false,1,0,0,0,0,2,0,3
347568,uk_sole_trader,false,0,0,0,0,0,0,0,0
347569,uk_sole_trader,false,2,0,0,0,0,0,0,2
347570,uk_sole_trader,false,0,1,1,0,0,0,0,2
347571,uk_sole_trader,false,0,1,1,0,0,0,0,2
347572,uk_sole_trader,true,2,1,0,1,0,2,1,7
347573,uk_sole_trader,false,0,0,0,0,0,0,0,0
347574,uk_sole_trader,true,2,0,0,1,0,1,0,4
347575,uk_sole_trader,false,1,0,0,0,0,0,1,2
347576,uk_sole_trader,true,0,1,1,0,2,3,3,10
347577,uk_sole_trader,false,0,0,0,0,0,0,1,1
347578,uk_sole_trader,false,0,0,0,0,0,0,0,0
347579,uk_sole_trader,true,0,0,2,1,0,1,1,5
347580,uk_sole_trader,false,0,0,0,0,0,0,1,1
347581,uk_sole_trader,false,1,0,0,0,0,0,0,1
347582,uk_sole_trader,false,0,0,0,0,0,0,0,0
347583,uk_sole_trader,true,1,0,0,1,2,0,3,7
347584,uk_sole_trader,false,0,1,1,0,0,0,0,2
347585,uk_sole_trader,true,2,1,1,1,2,2,2,11
347586,uk_sole_trader,false,0,0,0,0,0,0,0,0
347587,uk_sole_trader,false,0,0,0,1,0,0,0,1
347588,uk_sole_trader,false,0,0,0,0,1,0,0,1
347589,uk_sole_trader,true,2,1,1,0,1,1,1,7
347590,uk_sole_trader,false,0,1,0,0,0,2,1,4
347591,uk_sole_trader,false,0,0,0,0,1,0,1,2
347592,uk_sole_trader,true,3,1,1,2,1,1,1,10
347593,uk_sole_trader,false,1,0,0,0,0,1,0,2
347594,uk_sole_trader,true,2,2,2,1,1,0,0,8
347595,uk_sole_trader,false,0,0,0,0,0,0,0,0
347596,uk_sole_trader,false,1,0,0,0,0,0,0,1
347597,uk_sole_trader,false,0,0,0,0,0,0,0,0
347598,uk_sole_trader,false,2,0,1,0,0,0,0,3
347599,uk_sole_trader,false,0,1,0,0,1,0,0,2
347600,uk_sole_trader,false,0,0,0,0,1,0,0,1
347601,uk_sole_trader,false,0,0,1,0,0,1,0,2
347602,uk_sole_trader,false,0,0,1,0,1,0,0,2
347603,uk_sole_trader,false,0,0,0,0,0,0,1,1
347604,uk_sole_trader,true,2,2,1,0,1,1,0,7
347605,uk_sole_trader,false,0,0,0,0,0,0,0,0
347606,uk_sole_trader,true,0,1,2,3,3,0,0,9
347607,uk_sole_trader,false,0,0,0,0,0,0,1,1
347608,uk_sole_trader,true,2,2,1,1,0,1,3,10
347609,uk_sole_trader,true,0,5,2,1,1,0,1,10
347610,uk_sole_trader,false,0,0,0,0,0,0,0,0
347611,uk_sole_trader,false,0,0,0,0,0,1,1,2
347612,uk_sole_trader,false,0,1,0,0,0,0,0,1
347613,uk_sole_trader,false,0,0,0,1,1,0,0,2
347614,uk_sole_trader,false,0,0,0,0,0,0,0,0
347615,uk_sole_trader,false,0,0,0,0,1,1,0,2
347616,uk_sole_trader,false,1,0,0,0,0,1,0,2
347617,uk_sole_trader,false,0,0,0,0,0,0,0,0
347618,uk_sole_trader,false,0,0,0,0,1,1,0,2
347619,uk_sole_trader,false,0,0,1,1,0,0,0,2
347620,uk_sole_trader,false,0,0,0,0,2,0,0,2
347621,uk_sole_trader,true,1,2,1,2,3,0,0,9
347622,uk_sole_trader,false,1,1,1,0,1,0,0,4
347623,uk_sole_trader,false,0,1,0,0,0,1,0,2
347624,uk_sole_trader,false,0,1,0,1,0,0,0,2
347625,uk_sole_trader,false,0,0,0,0,0,0,0,0
347626,uk_sole_trader,false,0,0,0,0,0,1,0,1
347627,uk_sole_trader,false,0,0,0,0,1,0,0,1
347628,uk_sole_trader,false,0,0,0,0,0,1,0,1
347629,uk_sole_trader,false,0,0,0,1,0,0,0,1
347630,uk_sole_trader,false,0,0,0,0,0,0,0,0
347631,uk_sole_trader,false,2,0,0,0,0,0,0,2
347632,universal_company,false,0,1,0,0,0,1,0,2
347633,universal_company,false,0,0,0,0,0,0,0,0
347634,universal_company,false,0,0,0,0,1,0,0,1
347635,universal_company,false,1,0,0,1,0,0,0,2
347636,universal_company,false,0,0,0,0,0,0,0,0
347637,universal_company,false,0,0,1,0,0,0,0,1
347638,universal_company,false,0,2,0,0,0,0,0,2
347639,universal_company,false,1,0,0,0,0,1,0,2
347640,universal_company,false,0,0,0,0,0,1,0,1
347641,universal_company,true,2,2,0,0,0,1,0,5
347642,universal_company,false,0,0,1,1,0,0,0,2
347643,universal_company,false,0,1,0,0,0,0,0,1
347644,universal_company,false,1,0,0,0,1,0,0,2
347645,universal_company,false,0,0,1,0,0,0,1,2
347646,universal_company,true,1,1,1,3,0,4,1,11
347647,universal_company,false,0,0,0,0,0,0,0,0
347648,universal_company,false,1,0,0,0,0,0,0,1
347649,universal_company,false,1,0,0,0,0,1,0,2
347650,universal_company,false,0,0,0,0,0,0,0,0
347651,universal_company,false,1,0,0,1,0,0,0,2
347652,universal_company,false,0,0,0,0,1,0,0,1
347653,universal_company,false,0,0,0,0,0,0,0,0
347654,universal_company,false,0,0,0,0,0,0,0,0
347655,universal_company,false,1,0,0,0,0,0,0,1
347656,universal_company,false,0,0,0,0,0,0,0,0
347657,universal_company,false,0,1,1,1,1,0,0,4
347658,universal_company,false,0,0,0,0,0,0,0,0
347659,universal_company,false,0,0,0,0,0,0,0,0
347660,universal_company,false,0,0,0,0,0,0,0,0
347661,universal_company,false,0,0,1,0,1,1,0,3
347662,universal_company,false,0,0,0,0,0,0,0,0
347663,universal_company,false,0,0,1,0,0,0,1,2
347664,universal_company,false,1,2,0,2,0,0,0,5
347665,universal_company,false,0,0,0,0,0,0,1,1
347666,universal_company,false,0,0,0,1,0,0,0,1
347667,universal_company,false,0,0,0,0,0,0,0,0
347668,universal_company,false,0,0,0,0,0,0,0,0
347669,universal_company,false,0,0,0,0,0,0,0,0
347670,universal_company,false,0,0,0,0,1,0,1,2
347671,universal_company,false,0,0,0,0,0,1,0,1
347672,universal_company,false,0,0,0,0,0,0,0,0
347673,universal_company,false,0,1,0,0,0,0,0,1
347674,universal_company,false,1,0,0,1,1,0,0,3
347675,universal_company,false,0,0,0,0,0,0,1,1
347676,universal_company,false,0,0,0,0,1,0,0,1
347677,universal_company,false,0,0,1,0,0,0,0,1
347678,universal_company,false,1,1,2,1,1,0,0,6
347679,universal_company,false,0,0,0,0,0,0,0,0
347680,universal_company,false,0,1,0,0,0,0,1,2
347681,universal_company,false,0,1,0,1,0,1,0,3
347682,universal_company,false,1,0,0,0,1,1,0,3
347683,universal_company,false,0,0,0,0,0,1,1,2
347684,universal_company,false,0,1,1,0,0,1,0,3
347685,universal_company,false,0,0,1,1,0,0,0,2
347686,universal_company,false,0,0,0,1,0,0,0,1
347687,universal_company,false,0,0,0,0,0,1,0,1
347688,universal_company,false,0,1,0,0,0,0,0,1
347689,universal_company,false,0,0,0,2,0,0,0,2
347690,universal_company,false,0,1,0,1,0,0,0,2
347691,universal_company,false,1,0,0,0,0,0,0,1
347692,universal_company,false,0,0,0,0,0,0,1,1
347693,universal_company,false,0,0,0,0,0,0,1,1
347694,universal_company,false,0,0,0,0,0,0,0,0
347695,universal_company,false,1,0,0,0,1,0,0,2
347696,universal_company,false,1,0,0,0,0,1,0,2
347697,universal_company,false,0,1,0,1,0,0,0,2
347698,universal_company,false,0,0,0,0,0,0,0,0
347699,universal_company,false,0,0,0,0,0,0,0,0
347700,universal_company,false,0,0,0,1,0,2,0,3
347701,universal_company,false,1,1,0,0,0,0,0,2
347702,universal_company,false,0,0,0,0,0,0,1,1
347703,universal_company,false,0,0,0,0,0,0,0,0
347704,universal_company,false,0,1,0,0,0,0,0,1
347705,universal_company,false,0,1,0,0,1,0,0,2
347706,universal_company,false,0,0,0,0,0,0,0,0
347707,universal_company,false,0,1,0,0,1,0,0,2
347708,universal_company,false,0,0,0,0,0,0,1,1
347709,universal_company,false,1,0,0,0,0,1,0,2
347710,universal_company,false,0,1,0,0,0,0,0,1
347711,universal_company,false,0,0,0,1,1,0,0,2
347712,universal_company,false,0,0,1,1,0,0,0,2
347713,universal_company,false,0,1,0,0,0,0,0,1
347714,universal_company,false,0,1,0,0,0,0,0,1
347715,universal_company,false,0,0,0,0,0,1,0,1
347716,universal_company,true,0,2,1,1,1,2,1,8
347717,universal_company,false,0,0,0,0,1,1,0,2
347718,universal_company,false,0,1,0,0,0,0,0,1
347719,universal_company,false,1,0,1,0,1,0,0,3
347720,universal_company,false,0,0,0,0,0,0,0,0
347721,universal_company,false,1,0,0,0,0,0,0,1
347722,universal_company,false,0,1,0,0,0,0,1,2
347723,universal_company,false,0,1,0,0,0,0,1,2
347724,universal_company,false,3,0,0,1,1,0,0,5
347725,universal_company,false,0,0,0,0,1,0,0,1
347726,universal_company,false,0,0,1,0,0,0,0,1
347727,universal_company,false,0,1,0,0,0,0,0,1
347728,universal_company,true,0,3,0,1,1,1,1,7
347729,universal_company,false,0,0,0,0,0,0,1,1
347730,universal_company,false,0,0,0,0,0,0,0,0
347731,universal_company,false,0,0,0,0,0,0,1,1
